pitcher_id,idx
20700,1
20938,2
21095,3
21170,4
21178,5
21279,6
21372,7
21402,8
21414,9
21415,10
21432,11
21441,12
21549,13
21558,14
21571,15
21587,16
21588,17
21595,18
21622,19
21624,20
21654,21
21690,22
21699,23
21733,24
21754,25
21789,26
21795,27
21813,28
21830,29
21840,30
21874,31
21875,32
21916,33
21936,34
21940,35
21943,36
21955,37
21961,38
21978,39
21991,40
21994,41
21998,42
22007,43
22015,44
22028,45
22029,46
22094,47
22099,48
22110,49
22118,50
22123,51
22131,52
22136,53
22143,54
22154,55
22163,56
22180,57
22192,58
22201,59
22205,60
22220,61
22231,62
22233,63
22234,64
22249,65
22250,66
22253,67
22254,68
22261,69
22277,70
22278,71
22280,72
22292,73
22293,74
22302,75
22309,76
22311,77
22312,78
22318,79
22321,80
22332,81
22335,82
22345,83
22368,84
22380,85
22389,86
22397,87
22404,88
22419,89
22427,90
22428,91
22435,92
22458,93
22469,94
22478,95
22487,96
22491,97
22505,98
22508,99
22525,100
22540,101
22541,102
22547,103
22548,104
22575,105
22579,106
22583,107
22592,108
22595,109
22596,110
22597,111
22598,112
22615,113
22617,114
22621,115
22622,116
22624,117
22640,118
22651,119
22666,120
22667,121
22668,122
22675,123
22703,124
22708,125
22710,126
22717,127
22720,128
22721,129
22722,130
22729,131
22730,132
22731,133
22734,134
22735,135
22738,136
22739,137
22741,138
22742,139
22743,140
22759,141
22761,142
22763,143
22772,144
22776,145
22782,146
22784,147
22785,148
22795,149
22820,150
22821,151
22834,152
22840,153
22851,154
22867,155
22869,156
22890,157
22893,158
22899,159
22901,160
22904,161
22905,162
22908,163
22911,164
22915,165
22922,166
22923,167
22925,168
22926,169
22932,170
22933,171
22964,172
22978,173
22985,174
22996,175
23005,176
23023,177
23024,178
23030,179
23035,180
23043,181
23047,182
23054,183
23082,184
23090,185
23092,186
23094,187
23097,188
23101,189
23105,190
23110,191
23112,192
23115,193
23116,194
23122,195
23137,196
23139,197
23145,198
23150,199
23151,200
23154,201
23157,202
23158,203
23175,204
23177,205
23182,206
23190,207
23204,208
23206,209
23225,210
23229,211
23231,212
23232,213
23235,214
23236,215
23238,216
23257,217
23258,218
23260,219
23284,220
23288,221
23289,222
23293,223
23294,224
23302,225
23305,226
23306,227
23307,228
23312,229
23314,230
23331,231
23332,232
23334,233
23336,234
23342,235
23343,236
23347,237
23348,238
23349,239
23360,240
23361,241
23362,242
23363,243
23366,244
23369,245
23383,246
23384,247
23385,248
23411,249
23414,250
23415,251
23418,252
23421,253
23422,254
23424,255
23426,256
23437,257
23439,258
23440,259
23444,260
23455,261
23458,262
23459,263
23461,264
23462,265
23475,266
23476,267
23478,268
23484,269
23488,270
23496,271
23497,272
23498,273
23499,274
23500,275
23501,276
23504,277
23512,278
23513,279
23515,280
23518,281
23532,282
23534,283
23536,284
23538,285
23540,286
23542,287
23554,288
23555,289
23556,290
23557,291
23558,292
23560,293
23561,294
23564,295
23565,296
23567,297
23568,298
23574,299
23589,300
23590,301
23593,302
23596,303
23597,304
23599,305
23600,306
23614,307
23617,308
23627,309
23628,310
23630,311
23631,312
23632,313
23633,314
23634,315
23636,316
23637,317
23638,318
23640,319
23642,320
23643,321
23644,322
23648,323
23650,324
23651,325
23653,326
23654,327
23655,328
23665,329
23667,330
23670,331
23672,332
23673,333
23676,334
23680,335
23684,336
23689,337
23690,338
23693,339
23694,340
23695,341
23696,342
23697,343
23703,344
23713,345
23717,346
23719,347
23727,348
23731,349
23736,350
23737,351
23745,352
23747,353
23748,354
23749,355
23751,356
23758,357
23759,358
23761,359
23766,360
23767,361
23769,362
23771,363
23772,364
23775,365
23779,366
23781,367
23782,368
23783,369
23784,370
23786,371
23787,372
23790,373
23843,374
23848,375
23849,376
23850,377
23852,378
23853,379
23857,380
23860,381
23866,382
23868,383
23869,384
23870,385
23871,386
23872,387
23879,388
23880,389
23884,390
23886,391
23887,392
23893,393
23895,394
23897,395
23898,396
23902,397
23903,398
23904,399
23909,400
23914,401
23915,402
23916,403
23917,404
23921,405
23923,406
23927,407
23929,408
23930,409
23931,410
23932,411
23934,412
23935,413
23942,414
23944,415
23947,416
23951,417
23952,418
23953,419
23954,420
23955,421
23959,422
23962,423
23963,424
23964,425
23966,426
23967,427
23968,428
23972,429
23977,430
23979,431
23982,432
23985,433
23987,434
23988,435
23991,436
24011,437
24013,438
24018,439
24020,440
24021,441
24026,442
24027,443
24028,444
24038,445
24039,446
24042,447
24043,448
24044,449
24047,450
24051,451
24052,452
24053,453
24055,454
24056,455
24059,456
24063,457
24064,458
24076,459
24078,460
24085,461
24086,462
24088,463
24089,464
24097,465
24099,466
24100,467
24102,468
24109,469
24110,470
24115,471
24116,472
24117,473
24118,474
24126,475
24129,476
24133,477
24136,478
24140,479
24146,480
24147,481
24151,482
24152,483
24153,484
24157,485
24164,486
24165,487
24166,488
24169,489
24173,490
24178,491
24179,492
24181,493
24183,494
24185,495
24193,496
24197,497
24201,498
24205,499
24209,500
24211,501
24222,502
24223,503
24224,504
24226,505
24234,506
24237,507
24239,508
24240,509
24241,510
24248,511
24252,512
24253,513
24265,514
24269,515
24271,516
24277,517
24283,518
24286,519
24300,520
24303,521
24305,522
24306,523
24307,524
24310,525
24313,526
24314,527
24317,528
24319,529
24327,530
24328,531
24329,532
24334,533
24340,534
24343,535
24344,536
24355,537
24370,538
24373,539
24376,540
24377,541
24380,542
24387,543
24388,544
24389,545
24390,546
24392,547
24398,548
24399,549
24401,550
24410,551
24411,552
24412,553
24423,554
24424,555
24425,556
24434,557
24440,558
24444,559
24447,560
24459,561
24460,562
24461,563
24463,564
24465,565
24467,566
24469,567
24477,568
24482,569
24483,570
24484,571
24485,572
24494,573
24499,574
24502,575
24508,576
24509,577
24512,578
24515,579
24516,580
24525,581
24527,582
24531,583
24537,584
24540,585
24541,586
24544,587
24546,588
24552,589
24559,590
24560,591
24565,592
24566,593
24568,594
24570,595
24571,596
24572,597
24573,598
24579,599
24596,600
24604,601
24607,602
24608,603
24619,604
24622,605
24623,606
24624,607
24626,608
24627,609
24629,610
24631,611
24633,612
