batter_id,idx
20889,1
20946,2
20984,3
21131,4
21143,5
21170,6
21174,7
21241,8
21278,9
21286,10
21288,11
21381,12
21398,13
21400,14
21401,15
21448,16
21458,17
21461,18
21511,19
21520,20
21577,21
21600,22
21616,23
21617,24
21627,25
21660,26
21693,27
21696,28
21708,29
21737,30
21786,31
21818,32
21821,33
21822,34
21831,35
21834,36
21835,37
21837,38
21848,39
21851,40
21865,41
21892,42
21945,43
21947,44
21968,45
21980,46
21990,47
21992,48
21996,49
21999,50
22002,51
22006,52
22013,53
22016,54
22021,55
22025,56
22026,57
22038,58
22064,59
22066,60
22101,61
22102,62
22103,63
22104,64
22106,65
22109,66
22126,67
22127,68
22130,69
22132,70
22133,71
22137,72
22144,73
22146,74
22148,75
22160,76
22182,77
22208,78
22221,79
22225,80
22238,81
22245,82
22258,83
22269,84
22281,85
22283,86
22284,87
22287,88
22288,89
22315,90
22323,91
22332,92
22333,93
22344,94
22345,95
22353,96
22374,97
22379,98
22382,99
22392,100
22394,101
22396,102
22410,103
22420,104
22424,105
22429,106
22430,107
22432,108
22435,109
22436,110
22439,111
22442,112
22443,113
22454,114
22455,115
22460,116
22468,117
22499,118
22500,119
22502,120
22514,121
22521,122
22522,123
22523,124
22542,125
22553,126
22571,127
22574,128
22576,129
22605,130
22606,131
22607,132
22610,133
22611,134
22612,135
22621,136
22626,137
22628,138
22629,139
22632,140
22660,141
22664,142
22671,143
22674,144
22679,145
22682,146
22684,147
22690,148
22693,149
22695,150
22696,151
22697,152
22709,153
22716,154
22719,155
22720,156
22725,157
22727,158
22728,159
22732,160
22733,161
22735,162
22736,163
22739,164
22743,165
22745,166
22748,167
22749,168
22756,169
22758,170
22762,171
22763,172
22766,173
22768,174
22771,175
22775,176
22777,177
22779,178
22781,179
22800,180
22807,181
22808,182
22809,183
22811,184
22816,185
22817,186
22819,187
22822,188
22830,189
22831,190
22839,191
22841,192
22852,193
22853,194
22872,195
22882,196
22886,197
22893,198
22900,199
22901,200
22902,201
22928,202
22934,203
22943,204
22950,205
22956,206
22959,207
22963,208
22969,209
22985,210
22986,211
23000,212
23001,213
23004,214
23022,215
23028,216
23034,217
23040,218
23045,219
23064,220
23080,221
23089,222
23108,223
23113,224
23116,225
23121,226
23132,227
23134,228
23143,229
23144,230
23146,231
23153,232
23179,233
23186,234
23187,235
23188,236
23189,237
23193,238
23195,239
23197,240
23200,241
23205,242
23225,243
23234,244
23241,245
23243,246
23244,247
23253,248
23263,249
23264,250
23274,251
23281,252
23282,253
23290,254
23298,255
23299,256
23300,257
23318,258
23319,259
23321,260
23330,261
23341,262
23346,263
23347,264
23348,265
23349,266
23366,267
23367,268
23380,269
23387,270
23395,271
23396,272
23404,273
23405,274
23407,275
23408,276
23410,277
23413,278
23418,279
23420,280
23427,281
23430,282
23433,283
23436,284
23442,285
23443,286
23444,287
23452,288
23455,289
23463,290
23464,291
23465,292
23466,293
23467,294
23469,295
23470,296
23471,297
23472,298
23474,299
23476,300
23481,301
23483,302
23492,303
23493,304
23505,305
23507,306
23508,307
23521,308
23524,309
23525,310
23526,311
23529,312
23531,313
23546,314
23548,315
23549,316
23551,317
23552,318
23553,319
23562,320
23574,321
23578,322
23582,323
23583,324
23584,325
23602,326
23604,327
23605,328
23606,329
23608,330
23612,331
23614,332
23625,333
23626,334
23635,335
23637,336
23639,337
23641,338
23645,339
23646,340
23649,341
23662,342
23663,343
23664,344
23667,345
23669,346
23670,347
23671,348
23677,349
23681,350
23685,351
23687,352
23688,353
23691,354
23693,355
23698,356
23700,357
23701,358
23702,359
23705,360
23706,361
23712,362
23715,363
23718,364
23720,365
23723,366
23724,367
23726,368
23728,369
23733,370
23734,371
23735,372
23739,373
23750,374
23752,375
23753,376
23757,377
23759,378
23760,379
23763,380
23768,381
23771,382
23773,383
23776,384
23778,385
23780,386
23788,387
23789,388
23835,389
23838,390
23839,391
23840,392
23841,393
23842,394
23844,395
23847,396
23849,397
23854,398
23855,399
23859,400
23864,401
23865,402
23875,403
23881,404
23882,405
23896,406
23899,407
23900,408
23901,409
23905,410
23906,411
23911,412
23918,413
23919,414
23926,415
23938,416
23939,417
23940,418
23945,419
23946,420
23948,421
23949,422
23953,423
23957,424
23961,425
23965,426
23970,427
23971,428
23974,429
23975,430
23976,431
23978,432
23980,433
23986,434
23989,435
23990,436
23992,437
23996,438
24005,439
24007,440
24008,441
24009,442
24010,443
24022,444
24023,445
24024,446
24031,447
24034,448
24040,449
24041,450
24046,451
24049,452
24050,453
24054,454
24058,455
24068,456
24071,457
24072,458
24074,459
24075,460
24077,461
24079,462
24086,463
24087,464
24090,465
24091,466
24095,467
24098,468
24101,469
24106,470
24119,471
24124,472
24128,473
24130,474
24132,475
24134,476
24139,477
24143,478
24144,479
24145,480
24148,481
24149,482
24150,483
24155,484
24158,485
24159,486
24163,487
24175,488
24177,489
24180,490
24191,491
24194,492
24207,493
24210,494
24212,495
24214,496
24215,497
24219,498
24221,499
24242,500
24245,501
24251,502
24255,503
24260,504
24263,505
24264,506
24266,507
24270,508
24272,509
24273,510
24274,511
24278,512
24280,513
24296,514
24297,515
24299,516
24301,517
24304,518
24308,519
24309,520
24315,521
24316,522
24326,523
24332,524
24335,525
24341,526
24342,527
24350,528
24354,529
24356,530
24357,531
24371,532
24372,533
24375,534
24382,535
24383,536
24385,537
24398,538
24400,539
24402,540
24403,541
24405,542
24413,543
24416,544
24418,545
24426,546
24427,547
24430,548
24439,549
24442,550
24443,551
24462,552
24464,553
24466,554
24470,555
24471,556
24475,557
24479,558
24481,559
24492,560
24496,561
24500,562
24501,563
24510,564
24517,565
24526,566
24528,567
24529,568
24532,569
24536,570
24542,571
24545,572
24548,573
24567,574
24569,575
24574,576
24582,577
24589,578
24590,579
24593,580
24603,581
24628,582
24630,583
24632,584
